{
  "day": 16.887190847842405,
  "month": 4.33208397343556,
  "year": 1910.8122881975623
}