{
  "day": 0.5249914172066497,
  "month": 9.769871658075989,
  "year": "1981.3611959096331"
}