{
  "day": 6.521646969800926,
  "month": 6.236838282537503,
  "year": "1928.7565303507129"
}