{
  "day": 10.228468018628824,
  "month": 12.544796158568127,
  "year": "1901.0330199220975"
}